title,url,time_published,authors,summary,banner_image,source,category_within_source,source_domain,topics,overall_sentiment_score,overall_sentiment_label,ticker_sentiment,Symbol
"Market Rallies Into Fed; Futures Fall As AMD, Snap Guide Lower",https://www.investors.com/market-trend/stock-market-today/dow-jones-futures-market-rallies-into-fed-rate-hike-amd-snap-key-movers-late/,2023-01-31 23:33:00,"[""Investor's Business Daily"", 'ED CARSON']","Dow Jones Futures: Market Rallies Into Fed Rate Hike. AMD, Snap ... Investor's Business Daily ...",https://www.investors.com/wp-content/uploads/2022/06/Stock-jeromepowell2022-02-gov.jpg,Investors Business Daily,n/a,www.investors.com,"[{'topic': 'Economy - Monetary', 'relevance_score': '0.928139'}, {'topic': 'Retail & Wholesale', 'relevance_score': '0.333333'}, {'topic': 'Financial Markets', 'relevance_score': '1.0'}, {'topic': 'Manufacturing', 'relevance_score': '0.333333'}, {'topic': 'Earnings', 'relevance_score': '0.999483'}, {'topic': 'Technology', 'relevance_score': '0.333333'}]",0.083419,Neutral,"[{'ticker': 'XPEV', 'relevance_score': '0.075082', 'ticker_sentiment_score': '-0.030595', 'ticker_sentiment_label': 'Neutral'}, {'ticker': 'GOOG', 'relevance_score': '0.050096', 'ticker_sentiment_score': '0.07637', 'ticker_sentiment_label': 'Neutral'}, {'ticker': 'META', 'relevance_score': '0.174047', 'ticker_sentiment_score': '-0.041645', 'ticker_sentiment_label': 'Neutral'}, {'ticker': 'NVDA', 'relevance_score': '0.149501', 'ticker_sentiment_score': '-0.002622', 'ticker_sentiment_label': 'Neutral'}, {'ticker': 'AAPL', 'relevance_score': '0.075082', 'ticker_sentiment_score': '0.077706', 'ticker_sentiment_label': 'Neutral'}, {'ticker': 'ANET', 'relevance_score': '0.099995', 'ticker_sentiment_score': '0.024591', 'ticker_sentiment_label': 'Neutral'}, {'ticker': 'PSTG', 'relevance_score': '0.075082', 'ticker_sentiment_score': '0.066586', 'ticker_sentiment_label': 'Neutral'}, {'ticker': 'TSLA', 'relevance_score': '0.174047', 'ticker_sentiment_score': '0.004377', 'ticker_sentiment_label': 'Neutral'}, {'ticker': 'ETSY', 'relevance_score': '0.099995', 'ticker_sentiment_score': '0.024591', 'ticker_sentiment_label': 'Neutral'}, {'ticker': 'NIO', 'relevance_score': '0.075082', 'ticker_sentiment_score': '-0.030595', 'ticker_sentiment_label': 'Neutral'}, {'ticker': 'AMD', 'relevance_score': '0.246582', 'ticker_sentiment_score': '0.028461', 'ticker_sentiment_label': 'Neutral'}, {'ticker': 'PINS', 'relevance_score': '0.149501', 'ticker_sentiment_score': '-0.103899', 'ticker_sentiment_label': 'Neutral'}, {'ticker': 'LI', 'relevance_score': '0.075082', 'ticker_sentiment_score': '-0.030595', 'ticker_sentiment_label': 'Neutral'}, {'ticker': 'AMZN', 'relevance_score': '0.050096', 'ticker_sentiment_score': '0.07637', 'ticker_sentiment_label': 'Neutral'}]",AAPL
"Snap Quarterly Results Miss On Earnings, Match Revenue Estimates",https://www.investors.com/news/technology/snap-stock-near-lows-ahead-of-earnings-report/,2023-01-31 22:06:00,"['BRIAN DEAGON', ""Investor's Business Daily""]",Snap Stock Dives On Quarterly Earnings Reports | Investor's ... Investor's Business Daily ...,https://www.investors.com/wp-content/uploads/2022/02/Stock-snapchat-04-adobe.jpg,Investors Business Daily,n/a,www.investors.com,"[{'topic': 'Earnings', 'relevance_score': '0.997902'}, {'topic': 'Technology', 'relevance_score': '1.0'}, {'topic': 'Financial Markets', 'relevance_score': '0.962106'}]",-0.019676,Neutral,"[{'ticker': 'AAPL', 'relevance_score': '0.218817', 'ticker_sentiment_score': '-0.312493', 'ticker_sentiment_label': 'Somewhat-Bearish'}]",AAPL
Fed games,https://www.reuters.com/markets/us/global-markets-view-usa-pix-2023-01-31/,2023-01-31 21:48:00,['Stephen Culp'],"Feb 1 ( Reuters ) - A look at the day ahead in markets from Stephen Culp, New York stock market reporter. Asian stocks are primed for a green Wednesday on the heels of a broad rally on Wall Street, as a slew of economic data suggested the Federal Reserve's restrictive monetary policy is working ...",https://graphics.reuters.com/CANADA-CENBANK/zjvqjebewpx/chart_eikon.jpg,Reuters,Markets,www.reuters.com,"[{'topic': 'Economy - Monetary', 'relevance_score': '0.9545'}, {'topic': 'Financial Markets', 'relevance_score': '0.650727'}, {'topic': 'Manufacturing', 'relevance_score': '0.333333'}, {'topic': 'Energy & Transportation', 'relevance_score': '0.333333'}, {'topic': 'Technology', 'relevance_score': '0.333333'}]",0.023802,Neutral,"[{'ticker': 'GOOG', 'relevance_score': '0.108958', 'ticker_sentiment_score': '0.0', 'ticker_sentiment_label': 'Neutral'}, {'ticker': 'META', 'relevance_score': '0.108958', 'ticker_sentiment_score': '0.0', 'ticker_sentiment_label': 'Neutral'}, {'ticker': 'AAPL', 'relevance_score': '0.108958', 'ticker_sentiment_score': '0.0', 'ticker_sentiment_label': 'Neutral'}, {'ticker': 'GM', 'relevance_score': '0.108958', 'ticker_sentiment_score': '0.148732', 'ticker_sentiment_label': 'Neutral'}, {'ticker': 'XOM', 'relevance_score': '0.108958', 'ticker_sentiment_score': '0.148732', 'ticker_sentiment_label': 'Neutral'}, {'ticker': 'UPS', 'relevance_score': '0.108958', 'ticker_sentiment_score': '0.148732', 'ticker_sentiment_label': 'Neutral'}, {'ticker': 'BGXX', 'relevance_score': '0.108958', 'ticker_sentiment_score': '0.322037', 'ticker_sentiment_label': 'Somewhat-Bullish'}]",AAPL
Big Tech Earnings Preview: Time to Buy Amazon or Alphabet Stock?,https://www.zacks.com/stock/news/2047238/big-tech-earnings-preview-time-to-buy-amazon-or-alphabet-stock,2023-01-31 20:48:00,['Zacks Investment Research'],These tech giants certainly trade attractively relative to their past but more near-term upside will largely depend upon the guidance and outlook they offer during the quarterly reports.,https://staticx-tuner.zacks.com/images/default_article_images/default346.jpg,Zacks Commentary,n/a,www.zacks.com,"[{'topic': 'Economy - Monetary', 'relevance_score': '0.310843'}, {'topic': 'Retail & Wholesale', 'relevance_score': '0.5'}, {'topic': 'Financial Markets', 'relevance_score': '0.962106'}, {'topic': 'Earnings', 'relevance_score': '0.999483'}, {'topic': 'Technology', 'relevance_score': '0.5'}]",0.196172,Somewhat-Bullish,"[{'ticker': 'MSFT', 'relevance_score': '0.089965', 'ticker_sentiment_score': '0.139265', 'ticker_sentiment_label': 'Neutral'}, {'ticker': 'GOOG', 'relevance_score': '0.13459', 'ticker_sentiment_score': '0.021566', 'ticker_sentiment_label': 'Neutral'}, {'ticker': 'AAPL', 'relevance_score': '0.089965', 'ticker_sentiment_score': '0.04445', 'ticker_sentiment_label': 'Neutral'}, {'ticker': 'AMZN', 'relevance_score': '0.571033', 'ticker_sentiment_score': '0.282313', 'ticker_sentiment_label': 'Somewhat-Bullish'}]",AAPL
"Amazon, Apple, Microsoft set records with their spending on Washington lobbying",https://www.marketwatch.com/story/amazon-apple-microsoft-set-records-with-their-spending-on-washington-lobbying-11675195030,2023-01-31 19:57:00,['Victor Reklaitis'],"Amazon, Apple and Microsoft set records in their disclosed annual spending on Washington lobbying last year, as Facebook and Google's parents also spent big.",https://images.mktw.net/im-471285/social,MarketWatch,Top Stories,www.marketwatch.com,"[{'topic': 'Technology', 'relevance_score': '0.5'}, {'topic': 'Retail & Wholesale', 'relevance_score': '0.5'}]",-0.110523,Neutral,"[{'ticker': 'MSFT', 'relevance_score': '0.514619', 'ticker_sentiment_score': '-0.26094', 'ticker_sentiment_label': 'Somewhat-Bearish'}, {'ticker': 'AAPL', 'relevance_score': '0.514619', 'ticker_sentiment_score': '-0.26094', 'ticker_sentiment_label': 'Somewhat-Bearish'}, {'ticker': 'AMZN', 'relevance_score': '0.837089', 'ticker_sentiment_score': '0.0', 'ticker_sentiment_label': 'Neutral'}]",AAPL
What Happens This Week Will Lead the Market for 2023,https://www.zacks.com/stock/news/2047236/what-happens-this-week-will-lead-the-market-for-2023,2023-01-31 19:41:00,['Zacks Investment Research'],"From big tech earnings to employment data and interest rate decisions, this is an extremely significant week for Wall Street ...",https://staticx-tuner.zacks.com/images/articles/main/a4/214.jpg,Zacks Commentary,n/a,www.zacks.com,"[{'topic': 'Life Sciences', 'relevance_score': '0.2'}, {'topic': 'Energy & Transportation', 'relevance_score': '0.2'}, {'topic': 'Technology', 'relevance_score': '0.2'}, {'topic': 'Finance', 'relevance_score': '0.2'}, {'topic': 'Economy - Monetary', 'relevance_score': '0.9545'}, {'topic': 'Economy - Fiscal', 'relevance_score': '0.158519'}, {'topic': 'Retail & Wholesale', 'relevance_score': '0.2'}, {'topic': 'Financial Markets', 'relevance_score': '0.650727'}, {'topic': 'Earnings', 'relevance_score': '0.999998'}]",0.113846,Neutral,"[{'ticker': 'AON', 'relevance_score': '0.03443', 'ticker_sentiment_score': '0.0', 'ticker_sentiment_label': 'Neutral'}, {'ticker': 'META', 'relevance_score': '0.103035', 'ticker_sentiment_score': '0.076921', 'ticker_sentiment_label': 'Neutral'}, {'ticker': 'AAPL', 'relevance_score': '0.103035', 'ticker_sentiment_score': '0.045312', 'ticker_sentiment_label': 'Neutral'}, {'ticker': 'MDNDF', 'relevance_score': '0.068797', 'ticker_sentiment_score': '0.003026', 'ticker_sentiment_label': 'Neutral'}, {'ticker': 'XOM', 'relevance_score': '0.103035', 'ticker_sentiment_score': '0.070616', 'ticker_sentiment_label': 'Neutral'}, {'ticker': 'AMZN', 'relevance_score': '0.170878', 'ticker_sentiment_score': '0.084289', 'ticker_sentiment_label': 'Neutral'}, {'ticker': 'PFE', 'relevance_score': '0.137083', 'ticker_sentiment_score': '0.074607', 'ticker_sentiment_label': 'Neutral'}]",AAPL
Stocks sizzled in January as rate hike and inflation fears ebbed | Business,http://edition.cnn.com/2023/01/31/investing/dow-stock-market-today-january,2023-01-31 19:15:00,['Paul R. La Monica'],Stocks sizzled in January as rate hike and inflation fears ebbed CNN International ...,"https://media.cnn.com/api/v1/images/stellar/prod/230130170607-workers-wages-fourth-quarter.jpg?c=16x9&q=h_144,w_256,c_fill",CNN,Markets,edition.cnn.com,"[{'topic': 'Life Sciences', 'relevance_score': '0.25'}, {'topic': 'Energy & Transportation', 'relevance_score': '0.25'}, {'topic': 'Technology', 'relevance_score': '0.25'}, {'topic': 'Economy - Monetary', 'relevance_score': '0.682689'}, {'topic': 'Retail & Wholesale', 'relevance_score': '0.25'}, {'topic': 'Financial Markets', 'relevance_score': '0.77141'}, {'topic': 'Earnings', 'relevance_score': '0.682689'}]",-0.109015,Neutral,"[{'ticker': 'GOOG', 'relevance_score': '0.071357', 'ticker_sentiment_score': '0.019179', 'ticker_sentiment_label': 'Neutral'}, {'ticker': 'META', 'relevance_score': '0.142144', 'ticker_sentiment_score': '0.023808', 'ticker_sentiment_label': 'Neutral'}, {'ticker': 'AAPL', 'relevance_score': '0.142144', 'ticker_sentiment_score': '0.023808', 'ticker_sentiment_label': 'Neutral'}, {'ticker': 'XOM', 'relevance_score': '0.142144', 'ticker_sentiment_score': '0.105752', 'ticker_sentiment_label': 'Neutral'}, {'ticker': 'WBD', 'relevance_score': '0.071357', 'ticker_sentiment_score': '-0.168107', 'ticker_sentiment_label': 'Somewhat-Bearish'}, {'ticker': 'MDT', 'relevance_score': '0.142144', 'ticker_sentiment_score': '0.105752', 'ticker_sentiment_label': 'Neutral'}, {'ticker': 'AMZN', 'relevance_score': '0.142144', 'ticker_sentiment_score': '0.023808', 'ticker_sentiment_label': 'Neutral'}]",AAPL
The 10 Best Closed-End Funds  ( CEFs )  to Buy Now,https://www.kiplinger.com/investing/cefs/best-closed-end-funds,2023-01-31 18:52:36,"['Charles Lewis Sizemore', 'CFA']","If someone offered to sell you a dollar for 90 cents â€¦ well, you'd probably think it was too good to be true. Yet these are exactly the kinds of opportunities that arise in the market's best closed-end funds ( CEFs ) . CEFs are a type of investment fund, and in fact, they are older than ...",https://cdn.mos.cms.futurecdn.net/2ASap9KfLUQQ2gRfW2TJZG-415-80.jpg,Kiplinger,GoogleRSS,www.kiplinger.com,"[{'topic': 'Technology', 'relevance_score': '1.0'}, {'topic': 'Financial Markets', 'relevance_score': '0.962106'}]",0.342761,Somewhat-Bullish,"[{'ticker': 'AAPL', 'relevance_score': '0.175221', 'ticker_sentiment_score': '0.214473', 'ticker_sentiment_label': 'Somewhat-Bullish'}]",AAPL
Tesla & Supercharged Electric Vehicle ETFs in Focus,https://www.zacks.com/stock/news/2047222/tesla-supercharged-electric-vehicle-etfs-in-focus,2023-01-31 18:45:00,['Zacks Investment Research'],We highlight 3 EV ETFs that are gaining from Tesla's sizzling rally ...,https://staticx-tuner.zacks.com/images/default_article_images/default179.jpg,Zacks Commentary,n/a,www.zacks.com,"[{'topic': 'Economy - Monetary', 'relevance_score': '0.158519'}, {'topic': 'Financial Markets', 'relevance_score': '0.839681'}, {'topic': 'Manufacturing', 'relevance_score': '0.333333'}, {'topic': 'Real Estate & Construction', 'relevance_score': '0.333333'}, {'topic': 'Technology', 'relevance_score': '0.333333'}]",0.045169,Neutral,"[{'ticker': 'MSFT', 'relevance_score': '0.252987', 'ticker_sentiment_score': '0.233336', 'ticker_sentiment_label': 'Somewhat-Bullish'}, {'ticker': 'LCID', 'relevance_score': '0.371523', 'ticker_sentiment_score': '-0.113748', 'ticker_sentiment_label': 'Neutral'}, {'ticker': 'NVDA', 'relevance_score': '0.252987', 'ticker_sentiment_score': '0.233336', 'ticker_sentiment_label': 'Somewhat-Bullish'}, {'ticker': 'AAPL', 'relevance_score': '0.252987', 'ticker_sentiment_score': '0.233336', 'ticker_sentiment_label': 'Somewhat-Bullish'}, {'ticker': 'TSLA', 'relevance_score': '0.252987', 'ticker_sentiment_score': '0.119253', 'ticker_sentiment_label': 'Neutral'}, {'ticker': 'F', 'relevance_score': '0.252987', 'ticker_sentiment_score': '-0.338299', 'ticker_sentiment_label': 'Somewhat-Bearish'}, {'ticker': 'RIVN', 'relevance_score': '0.252987', 'ticker_sentiment_score': '0.021167', 'ticker_sentiment_label': 'Neutral'}]",AAPL
EU studying whether Big Tech should pay network costs -EU document,https://www.reuters.com/business/media-telecom/eu-studying-whether-big-tech-should-pay-network-costs-eu-document-2023-01-31/,2023-01-31 18:17:00,['Foo Yun Chee'],EU studying whether Big Tech should pay network costs -EU ... ...,https://cloudfront-us-east-2.images.arcpublishing.com/reuters/6TXEVUIMORJDLI5UPBGZOJ6KEQ.jpg,Reuters,Business,www.reuters.com,"[{'topic': 'Technology', 'relevance_score': '1.0'}]",0.137006,Neutral,"[{'ticker': 'MSFT', 'relevance_score': '0.103778', 'ticker_sentiment_score': '0.108518', 'ticker_sentiment_label': 'Neutral'}, {'ticker': 'NFLX', 'relevance_score': '0.103778', 'ticker_sentiment_score': '0.108518', 'ticker_sentiment_label': 'Neutral'}, {'ticker': 'GOOG', 'relevance_score': '0.103778', 'ticker_sentiment_score': '0.047114', 'ticker_sentiment_label': 'Neutral'}, {'ticker': 'AAPL', 'relevance_score': '0.103778', 'ticker_sentiment_score': '0.108518', 'ticker_sentiment_label': 'Neutral'}, {'ticker': 'TEF', 'relevance_score': '0.103778', 'ticker_sentiment_score': '0.108518', 'ticker_sentiment_label': 'Neutral'}, {'ticker': 'TIIAY', 'relevance_score': '0.103778', 'ticker_sentiment_score': '0.108518', 'ticker_sentiment_label': 'Neutral'}]",AAPL
Will Lower Ad Revenues Hurt Meta Platforms'  ( META )  Q4 Earnings?,https://www.zacks.com/stock/news/2047207/will-lower-ad-revenues-hurt-meta-platforms-meta-q4-earnings,2023-01-31 17:48:00,['Zacks Investment Research'],Meta Platforms' (META) fourth-quarter 2022 earnings are expected to have been affected by the ad revenue business slowdown and adverse macroeconomic conditions.,https://staticx-tuner.zacks.com/images/articles/main/49/74.jpg,Zacks Commentary,n/a,www.zacks.com,"[{'topic': 'Economy - Monetary', 'relevance_score': '0.158519'}, {'topic': 'Manufacturing', 'relevance_score': '0.5'}, {'topic': 'Earnings', 'relevance_score': '0.95493'}, {'topic': 'Technology', 'relevance_score': '0.5'}]",0.104939,Neutral,"[{'ticker': 'AMD', 'relevance_score': '0.173333', 'ticker_sentiment_score': '0.238145', 'ticker_sentiment_label': 'Somewhat-Bullish'}, {'ticker': 'GOOG', 'relevance_score': '0.058188', 'ticker_sentiment_score': '-0.010035', 'ticker_sentiment_label': 'Neutral'}, {'ticker': 'META', 'relevance_score': '0.284861', 'ticker_sentiment_score': '0.189896', 'ticker_sentiment_label': 'Somewhat-Bullish'}, {'ticker': 'NVDA', 'relevance_score': '0.173333', 'ticker_sentiment_score': '0.224295', 'ticker_sentiment_label': 'Somewhat-Bullish'}, {'ticker': 'AAPL', 'relevance_score': '0.116067', 'ticker_sentiment_score': '-0.011691', 'ticker_sentiment_label': 'Neutral'}]",AAPL
"Q4 Earnings Season Scorecard and Analyst Reports for Apple, Meta & Mastercard",https://www.zacks.com/research-daily/2046697/q4-earnings-season-scorecard-and-analyst-reports-for-apple-meta-mastercard,2023-01-31 17:41:00,['Zacks Investment Research'],"Today's Research Daily features new research reports on 16 major stocks, including Apple Inc. (AAPL), Meta Platforms, Inc. (META) and Mastercard Incorporated (MA).",https://staticx-tuner.zacks.com/images/default_article_images/default345.jpg,Zacks Commentary,n/a,www.zacks.com,"[{'topic': 'Economy - Monetary', 'relevance_score': '0.158519'}, {'topic': 'Retail & Wholesale', 'relevance_score': '0.333333'}, {'topic': 'Financial Markets', 'relevance_score': '0.161647'}, {'topic': 'Earnings', 'relevance_score': '0.999999'}, {'topic': 'Technology', 'relevance_score': '0.333333'}, {'topic': 'Finance', 'relevance_score': '0.333333'}]",0.021779,Neutral,"[{'ticker': 'CVS', 'relevance_score': '0.085782', 'ticker_sentiment_score': '0.027505', 'ticker_sentiment_label': 'Neutral'}, {'ticker': 'META', 'relevance_score': '0.212301', 'ticker_sentiment_score': '0.0498', 'ticker_sentiment_label': 'Neutral'}, {'ticker': 'AAPL', 'relevance_score': '0.253426', 'ticker_sentiment_score': '0.057294', 'ticker_sentiment_label': 'Neutral'}, {'ticker': 'AMP', 'relevance_score': '0.085782', 'ticker_sentiment_score': '0.027505', 'ticker_sentiment_label': 'Neutral'}, {'ticker': 'MA', 'relevance_score': '0.128363', 'ticker_sentiment_score': '0.035499', 'ticker_sentiment_label': 'Neutral'}, {'ticker': 'ELV', 'relevance_score': '0.085782', 'ticker_sentiment_score': '0.027505', 'ticker_sentiment_label': 'Neutral'}]",AAPL
Apple  ( AAPL )  to Report Q1 Earnings: What's in the Offing?,https://www.zacks.com/stock/news/2047189/apple-aapl-to-report-q1-earnings-whats-in-the-offing,2023-01-31 17:27:00,['Zacks Investment Research'],"Apple's (AAPL) first-quarter fiscal 2023 earnings are likely to have suffered from disruptions at its China partner Foxconn's factory in Zhengzhou, as well as the shrinking demand for iPhone.",https://staticx-tuner.zacks.com/images/articles/main/24/52.jpg,Zacks Commentary,n/a,www.zacks.com,"[{'topic': 'Earnings', 'relevance_score': '0.986564'}, {'topic': 'Technology', 'relevance_score': '0.5'}, {'topic': 'Retail & Wholesale', 'relevance_score': '0.5'}]",0.153556,Somewhat-Bullish,"[{'ticker': 'NFLX', 'relevance_score': '0.170475', 'ticker_sentiment_score': '0.142493', 'ticker_sentiment_label': 'Neutral'}, {'ticker': 'AAPL', 'relevance_score': '0.937963', 'ticker_sentiment_score': '0.274043', 'ticker_sentiment_label': 'Somewhat-Bullish'}, {'ticker': 'AMZN', 'relevance_score': '0.170475', 'ticker_sentiment_score': '0.142493', 'ticker_sentiment_label': 'Neutral'}]",AAPL
Stocks sizzled in January as rate hike and inflation fears ebbed | Business,https://www.cnn.com/2023/01/31/investing/dow-stock-market-today-january/index.html,2023-01-31 17:10:00,['Paul R. La Monica'],Stocks sizzled in January as rate hike and inflation fears ebbed ...,"https://media.cnn.com/api/v1/images/stellar/prod/230130170607-workers-wages-fourth-quarter.jpg?c=16x9&q=h_144,w_256,c_fill",CNN,Markets,www.cnn.com,"[{'topic': 'Life Sciences', 'relevance_score': '0.25'}, {'topic': 'Energy & Transportation', 'relevance_score': '0.25'}, {'topic': 'Technology', 'relevance_score': '0.25'}, {'topic': 'Economy - Monetary', 'relevance_score': '0.682689'}, {'topic': 'Retail & Wholesale', 'relevance_score': '0.25'}, {'topic': 'Financial Markets', 'relevance_score': '0.77141'}, {'topic': 'Earnings', 'relevance_score': '0.682689'}]",-0.092545,Neutral,"[{'ticker': 'GOOG', 'relevance_score': '0.073546', 'ticker_sentiment_score': '0.019234', 'ticker_sentiment_label': 'Neutral'}, {'ticker': 'META', 'relevance_score': '0.146469', 'ticker_sentiment_score': '0.024229', 'ticker_sentiment_label': 'Neutral'}, {'ticker': 'AAPL', 'relevance_score': '0.146469', 'ticker_sentiment_score': '0.024229', 'ticker_sentiment_label': 'Neutral'}, {'ticker': 'XOM', 'relevance_score': '0.146469', 'ticker_sentiment_score': '0.107677', 'ticker_sentiment_label': 'Neutral'}, {'ticker': 'WBD', 'relevance_score': '0.073546', 'ticker_sentiment_score': '-0.165629', 'ticker_sentiment_label': 'Somewhat-Bearish'}, {'ticker': 'MDT', 'relevance_score': '0.146469', 'ticker_sentiment_score': '0.107677', 'ticker_sentiment_label': 'Neutral'}, {'ticker': 'AMZN', 'relevance_score': '0.146469', 'ticker_sentiment_score': '0.024229', 'ticker_sentiment_label': 'Neutral'}]",AAPL
Stocks sizzled in January as rate hike and inflation fears ebbed | Business,https://edition.cnn.com/2023/01/31/investing/dow-stock-market-today-january,2023-01-31 17:10:00,['Paul R. La Monica'],Stocks sizzled in January as rate hike and inflation fears ebbed CNN International ...,"https://media.cnn.com/api/v1/images/stellar/prod/230130170607-workers-wages-fourth-quarter.jpg?c=16x9&q=h_144,w_256,c_fill",CNN,Economy,edition.cnn.com,"[{'topic': 'Life Sciences', 'relevance_score': '0.25'}, {'topic': 'Energy & Transportation', 'relevance_score': '0.25'}, {'topic': 'Technology', 'relevance_score': '0.25'}, {'topic': 'Economy - Monetary', 'relevance_score': '0.682689'}, {'topic': 'Retail & Wholesale', 'relevance_score': '0.25'}, {'topic': 'Financial Markets', 'relevance_score': '0.77141'}, {'topic': 'Earnings', 'relevance_score': '0.682689'}]",-0.102013,Neutral,"[{'ticker': 'GOOG', 'relevance_score': '0.071357', 'ticker_sentiment_score': '0.019179', 'ticker_sentiment_label': 'Neutral'}, {'ticker': 'META', 'relevance_score': '0.142144', 'ticker_sentiment_score': '0.023808', 'ticker_sentiment_label': 'Neutral'}, {'ticker': 'AAPL', 'relevance_score': '0.142144', 'ticker_sentiment_score': '0.023808', 'ticker_sentiment_label': 'Neutral'}, {'ticker': 'XOM', 'relevance_score': '0.142144', 'ticker_sentiment_score': '0.105752', 'ticker_sentiment_label': 'Neutral'}, {'ticker': 'WBD', 'relevance_score': '0.071357', 'ticker_sentiment_score': '-0.168107', 'ticker_sentiment_label': 'Somewhat-Bearish'}, {'ticker': 'MDT', 'relevance_score': '0.142144', 'ticker_sentiment_score': '0.105752', 'ticker_sentiment_label': 'Neutral'}, {'ticker': 'AMZN', 'relevance_score': '0.142144', 'ticker_sentiment_score': '0.023808', 'ticker_sentiment_label': 'Neutral'}]",AAPL
"Waiting for Powell: As Fed Meeting Starts, Investors Parse Mixed Q4 Earnings and Consider What's Next for Rates",https://www.benzinga.com/news/earnings/23/01/30647013/waiting-for-powell-as-fed-meeting-starts-investors-parse-mixed-q4-earnings-and-consider-whats-next-,2023-01-31 16:33:28,['Shawn Cruz'],"( Tuesday Market Open ) With three major central banks releasing rate decisions starting tomorrow, investors might be wise to expect subdued trading Tuesday following a sell-off to start the week.",https://cdn.benzinga.com/files/images/story/2023/01/31/shutterstock_2166225455.jpg?width=1200&height=800&fit=crop,Benzinga,Markets,www.benzinga.com,"[{'topic': 'Life Sciences', 'relevance_score': '0.166667'}, {'topic': 'Energy & Transportation', 'relevance_score': '0.166667'}, {'topic': 'Technology', 'relevance_score': '0.166667'}, {'topic': 'Finance', 'relevance_score': '0.166667'}, {'topic': 'Economy - Monetary', 'relevance_score': '0.9973'}, {'topic': 'Retail & Wholesale', 'relevance_score': '0.166667'}, {'topic': 'Financial Markets', 'relevance_score': '1.0'}, {'topic': 'Manufacturing', 'relevance_score': '0.166667'}, {'topic': 'Earnings', 'relevance_score': '1.0'}, {'topic': 'Economy - Macro', 'relevance_score': '0.158519'}]",-0.007243,Neutral,"[{'ticker': 'AAPL', 'relevance_score': '0.066322', 'ticker_sentiment_score': '0.02002', 'ticker_sentiment_label': 'Neutral'}, {'ticker': 'MDNDF', 'relevance_score': '0.03319', 'ticker_sentiment_score': '-0.050794', 'ticker_sentiment_label': 'Neutral'}, {'ticker': 'BG', 'relevance_score': '0.03319', 'ticker_sentiment_score': '0.0', 'ticker_sentiment_label': 'Neutral'}, {'ticker': 'DNFGY', 'relevance_score': '0.016598', 'ticker_sentiment_score': '0.021358', 'ticker_sentiment_label': 'Neutral'}, {'ticker': 'PFE', 'relevance_score': '0.03319', 'ticker_sentiment_score': '0.015717', 'ticker_sentiment_label': 'Neutral'}, {'ticker': 'TSLA', 'relevance_score': '0.03319', 'ticker_sentiment_score': '0.034542', 'ticker_sentiment_label': 'Neutral'}, {'ticker': 'SBUX', 'relevance_score': '0.03319', 'ticker_sentiment_score': '0.027991', 'ticker_sentiment_label': 'Neutral'}, {'ticker': 'WM', 'relevance_score': '0.03319', 'ticker_sentiment_score': '0.0', 'ticker_sentiment_label': 'Neutral'}, {'ticker': 'AMD', 'relevance_score': '0.03319', 'ticker_sentiment_score': '0.027991', 'ticker_sentiment_label': 'Neutral'}, {'ticker': 'UPS', 'relevance_score': '0.066322', 'ticker_sentiment_score': '0.0', 'ticker_sentiment_label': 'Neutral'}, {'ticker': 'UBER', 'relevance_score': '0.03319', 'ticker_sentiment_score': '0.0', 'ticker_sentiment_label': 'Neutral'}, {'ticker': 'CMI', 'relevance_score': '0.03319', 'ticker_sentiment_score': '0.0', 'ticker_sentiment_label': 'Neutral'}, {'ticker': 'SNY', 'relevance_score': '0.03319', 'ticker_sentiment_score': '0.0', 'ticker_sentiment_label': 'Neutral'}, {'ticker': 'MO', 'relevance_score': '0.03319', 'ticker_sentiment_score': '0.0', 'ticker_sentiment_label': 'Neutral'}, {'ticker': 'SPOT', 'relevance_score': '0.03319', 'ticker_sentiment_score': '0.363384', 'ticker_sentiment_label': 'Bullish'}, {'ticker': 'CI', 'relevance_score': '0.03319', 'ticker_sentiment_score': '0.0', 'ticker_sentiment_label': 'Neutral'}, {'ticker': 'GM', 'relevance_score': '0.164806', 'ticker_sentiment_score': '0.088096', 'ticker_sentiment_label': 'Neutral'}, {'ticker': 'ABBV', 'relevance_score': '0.03319', 'ticker_sentiment_score': '-0.136223', 'ticker_sentiment_label': 'Neutral'}, {'ticker': 'TSN', 'relevance_score': '0.03319', 'ticker_sentiment_score': '0.0', 'ticker_sentiment_label': 'Neutral'}, {'ticker': 'YUM', 'relevance_score': '0.03319', 'ticker_sentiment_score': '0.0', 'ticker_sentiment_label': 'Neutral'}, {'ticker': 'AZN', 'relevance_score': '0.03319', 'ticker_sentiment_score': '-0.136223', 'ticker_sentiment_label': 'Neutral'}, {'ticker': 'CAT', 'relevance_score': '0.066322', 'ticker_sentiment_score': '-0.119003', 'ticker_sentiment_label': 'Neutral'}, {'ticker': 'XOM', 'relevance_score': '0.049766', 'ticker_sentiment_score': '0.070012', 'ticker_sentiment_label': 'Neutral'}, {'ticker': 'AXP', 'relevance_score': '0.049766', 'ticker_sentiment_score': '0.035922', 'ticker_sentiment_label': 'Neutral'}, {'ticker': 'BAX', 'relevance_score': '0.03319', 'ticker_sentiment_score': '-0.136223', 'ticker_sentiment_label': 'Neutral'}, {'ticker': 'CNC', 'relevance_score': '0.03319', 'ticker_sentiment_score': '0.096495', 'ticker_sentiment_label': 'Neutral'}, {'ticker': 'PEP', 'relevance_score': '0.03319', 'ticker_sentiment_score': '-0.136223', 'ticker_sentiment_label': 'Neutral'}, {'ticker': 'AMZN', 'relevance_score': '0.099339', 'ticker_sentiment_score': '0.034345', 'ticker_sentiment_label': 'Neutral'}, {'ticker': 'FOREX:USD', 'relevance_score': '0.016598', 'ticker_sentiment_score': '-0.051887', 'ticker_sentiment_label': 'Neutral'}]",AAPL
Better Tech Stock in 2023: Apple vs. AMD,https://www.fool.com/investing/2023/01/31/better-tech-stock-in-2023-apple-vs-amd/,2023-01-31 16:15:00,['Dani Cook'],Apple and AMD have enjoyed double-digit share price growth in the first month of the year.,https://g.foolcdn.com/image/?url=https%3A%2F%2Fg.foolcdn.com%2Feditorial%2Fimages%2F718370%2Fstock-chart-on-tablet-young-woman.jpg&op=resize&h=340,Motley Fool,n/a,www.fool.com,"[{'topic': 'Financial Markets', 'relevance_score': '0.365926'}, {'topic': 'Manufacturing', 'relevance_score': '0.5'}, {'topic': 'Earnings', 'relevance_score': '0.538269'}, {'topic': 'Technology', 'relevance_score': '0.5'}]",0.293258,Somewhat-Bullish,"[{'ticker': 'AMD', 'relevance_score': '0.387374', 'ticker_sentiment_score': '0.417993', 'ticker_sentiment_label': 'Bullish'}, {'ticker': 'SSNLF', 'relevance_score': '0.050465', 'ticker_sentiment_score': '0.0', 'ticker_sentiment_label': 'Neutral'}, {'ticker': 'GOOG', 'relevance_score': '0.100729', 'ticker_sentiment_score': '0.052708', 'ticker_sentiment_label': 'Neutral'}, {'ticker': 'AAPL', 'relevance_score': '0.473208', 'ticker_sentiment_score': '0.418495', 'ticker_sentiment_label': 'Bullish'}, {'ticker': 'AVGO', 'relevance_score': '0.050465', 'ticker_sentiment_score': '0.0', 'ticker_sentiment_label': 'Neutral'}, {'ticker': 'QCOM', 'relevance_score': '0.050465', 'ticker_sentiment_score': '0.0', 'ticker_sentiment_label': 'Neutral'}]",AAPL
This 19% Dividend Will Almost Certainly Get Cut In 2023,https://www.forbes.com/sites/michaelfoster/2023/01/31/this-19-dividend-will-almost-certainly-get-cut-in-2023/,2023-01-31 15:37:00,['Michael Foster'],Imagine what you could do with a 19% dividend...,https://imageio.forbes.com/specials-images/imageserve/63d3f268b4ac763af04c5504/0x0.jpg?format=jpg&width=1200,Forbes,Money,www.forbes.com,"[{'topic': 'Technology', 'relevance_score': '0.5'}, {'topic': 'Finance', 'relevance_score': '0.5'}, {'topic': 'Financial Markets', 'relevance_score': '0.999956'}]",0.167957,Somewhat-Bullish,"[{'ticker': 'MSFT', 'relevance_score': '0.097655', 'ticker_sentiment_score': '0.043162', 'ticker_sentiment_label': 'Neutral'}, {'ticker': 'AAPL', 'relevance_score': '0.097655', 'ticker_sentiment_score': '0.043162', 'ticker_sentiment_label': 'Neutral'}, {'ticker': 'UNH', 'relevance_score': '0.097655', 'ticker_sentiment_score': '0.043162', 'ticker_sentiment_label': 'Neutral'}]",AAPL
Finding Fintech Leaders and the Importance of Patents  ( NASDAQ: APCX )   ( NYSE: IBM )   ( NYSE: V )   ( NASDAQ: AAPL ) ,https://www.investorideas.com/news/2023/technology/01311APCX-Fintech-Leaders.asp,2023-01-31 14:19:54,[],Finding Fintech Leaders and the Importance of Patents ( NASDAQ ... ...,,Investor Ideas,n/a,www.investorideas.com,"[{'topic': 'Technology', 'relevance_score': '1.0'}, {'topic': 'Financial Markets', 'relevance_score': '0.87644'}]",0.308253,Somewhat-Bullish,"[{'ticker': 'MSFT', 'relevance_score': '0.073546', 'ticker_sentiment_score': '0.0', 'ticker_sentiment_label': 'Neutral'}, {'ticker': 'AAPL', 'relevance_score': '0.073546', 'ticker_sentiment_score': '0.0', 'ticker_sentiment_label': 'Neutral'}, {'ticker': 'APCX', 'relevance_score': '0.146469', 'ticker_sentiment_score': '0.22704', 'ticker_sentiment_label': 'Somewhat-Bullish'}, {'ticker': 'FOX', 'relevance_score': '0.036812', 'ticker_sentiment_score': '0.173506', 'ticker_sentiment_label': 'Somewhat-Bullish'}, {'ticker': 'V', 'relevance_score': '0.073546', 'ticker_sentiment_score': '0.0', 'ticker_sentiment_label': 'Neutral'}]",AAPL
Where Will Broadcom Stock Be In 1 Year?,https://www.fool.com/investing/2023/01/31/where-will-broadcom-stock-be-in-1-year/,2023-01-31 14:14:39,['Leo Sun'],The diversified chip and software maker has a bright future.,https://g.foolcdn.com/image/?url=https%3A%2F%2Fg.foolcdn.com%2Feditorial%2Fimages%2F718451%2Fchip-circuit-lights.jpg&op=resize&w=700,Motley Fool,n/a,www.fool.com,"[{'topic': 'Financial Markets', 'relevance_score': '0.266143'}, {'topic': 'Manufacturing', 'relevance_score': '0.5'}, {'topic': 'Earnings', 'relevance_score': '0.999862'}, {'topic': 'Mergers & Acquisitions', 'relevance_score': '0.360215'}, {'topic': 'Technology', 'relevance_score': '0.5'}]",0.169739,Somewhat-Bullish,"[{'ticker': 'VMW', 'relevance_score': '0.245339', 'ticker_sentiment_score': '0.111144', 'ticker_sentiment_label': 'Neutral'}, {'ticker': 'AAPL', 'relevance_score': '0.245339', 'ticker_sentiment_score': '0.062102', 'ticker_sentiment_label': 'Neutral'}, {'ticker': 'AVGO', 'relevance_score': '0.508232', 'ticker_sentiment_score': '0.232276', 'ticker_sentiment_label': 'Somewhat-Bullish'}, {'ticker': 'TXN', 'relevance_score': '0.049835', 'ticker_sentiment_score': '0.054825', 'ticker_sentiment_label': 'Neutral'}, {'ticker': 'QCOM', 'relevance_score': '0.049835', 'ticker_sentiment_score': '0.027985', 'ticker_sentiment_label': 'Neutral'}, {'ticker': 'TSM', 'relevance_score': '0.049835', 'ticker_sentiment_score': '0.054825', 'ticker_sentiment_label': 'Neutral'}]",AAPL
Most Important Week Of Earnings Season Is Here - Will S&P 500 Companies Continue Beating Wall Street Estimates?,https://www.benzinga.com/news/earnings/23/01/30640585/most-important-week-of-earnings-season-is-here-will-s-p-500-companies-continue-beating-wall-street-,2023-01-31 14:13:54,['Natan Ponieman'],"Earnings season is in full swing, with 35% of companies in the S&P 500 reporting this week. Company performance through the fourth quarter of 2022 will lend a clearer view into the general state of the U.S. economy after an almost full year of Fed interest rate hikes.",https://cdn.benzinga.com/files/images/story/2023/01/31/shutterstock_2147830361.jpg?width=1200&height=800&fit=crop,Benzinga,Markets,www.benzinga.com,"[{'topic': 'Life Sciences', 'relevance_score': '0.2'}, {'topic': 'Energy & Transportation', 'relevance_score': '0.2'}, {'topic': 'Technology', 'relevance_score': '0.2'}, {'topic': 'Economy - Monetary', 'relevance_score': '0.158519'}, {'topic': 'Retail & Wholesale', 'relevance_score': '0.2'}, {'topic': 'Financial Markets', 'relevance_score': '0.538269'}, {'topic': 'Manufacturing', 'relevance_score': '0.2'}, {'topic': 'Earnings', 'relevance_score': '0.999953'}]",0.094995,Neutral,"[{'ticker': 'GOOG', 'relevance_score': '0.188193', 'ticker_sentiment_score': '-0.127003', 'ticker_sentiment_label': 'Neutral'}, {'ticker': 'META', 'relevance_score': '0.188193', 'ticker_sentiment_score': '-0.127003', 'ticker_sentiment_label': 'Neutral'}, {'ticker': 'MPC', 'relevance_score': '0.188193', 'ticker_sentiment_score': '0.0', 'ticker_sentiment_label': 'Neutral'}, {'ticker': 'AAPL', 'relevance_score': '0.188193', 'ticker_sentiment_score': '-0.127003', 'ticker_sentiment_label': 'Neutral'}, {'ticker': 'MDNDF', 'relevance_score': '0.094762', 'ticker_sentiment_score': '0.0', 'ticker_sentiment_label': 'Neutral'}, {'ticker': 'SPOT', 'relevance_score': '0.188193', 'ticker_sentiment_score': '0.0', 'ticker_sentiment_label': 'Neutral'}, {'ticker': 'GM', 'relevance_score': '0.188193', 'ticker_sentiment_score': '0.0', 'ticker_sentiment_label': 'Neutral'}, {'ticker': 'PFE', 'relevance_score': '0.188193', 'ticker_sentiment_score': '0.0', 'ticker_sentiment_label': 'Neutral'}, {'ticker': 'MCD', 'relevance_score': '0.188193', 'ticker_sentiment_score': '0.0', 'ticker_sentiment_label': 'Neutral'}, {'ticker': 'TSLA', 'relevance_score': '0.188193', 'ticker_sentiment_score': '0.305495', 'ticker_sentiment_label': 'Somewhat-Bullish'}, {'ticker': 'INTC', 'relevance_score': '0.188193', 'ticker_sentiment_score': '-0.127003', 'ticker_sentiment_label': 'Neutral'}, {'ticker': 'XOM', 'relevance_score': '0.188193', 'ticker_sentiment_score': '0.0', 'ticker_sentiment_label': 'Neutral'}, {'ticker': 'UPS', 'relevance_score': '0.188193', 'ticker_sentiment_score': '0.0', 'ticker_sentiment_label': 'Neutral'}]",AAPL
Apple HomePod 2nd Gen Review: A Great Sounding Smart Speaker,https://www.thestreet.com/deals/apple-homepod-second-gen-review,2023-01-31 14:00:00,['Jacob Krol'],We spent six days with Apple's second-generation HomePod putting it to the test with all sorts of requests and music playback to see if it is worth it.,https://www.thestreet.com/.image/t_share/MTk1NTQ4NjUyMjIyMDMwODk5/4-homepod-review.jpg,The Street,n/a,www.thestreet.com,"[{'topic': 'Technology', 'relevance_score': '0.5'}, {'topic': 'Manufacturing', 'relevance_score': '0.5'}]",0.299093,Somewhat-Bullish,"[{'ticker': 'SPOT', 'relevance_score': '0.01949', 'ticker_sentiment_score': '0.048573', 'ticker_sentiment_label': 'Neutral'}, {'ticker': 'AAPL', 'relevance_score': '0.339874', 'ticker_sentiment_score': '0.366284', 'ticker_sentiment_label': 'Bullish'}, {'ticker': 'SONO', 'relevance_score': '0.01949', 'ticker_sentiment_score': '0.121677', 'ticker_sentiment_label': 'Neutral'}]",AAPL
Futures Fall Ahead Of Fed Meeting; 9 Key Earnings Movers,https://www.investors.com/market-trend/stock-market-today/dow-jones-futures-fall-ahead-of-fed-meeting-caterpillar-exxon-pfizer-mcdonalds-report-earnings/,2023-01-31 13:55:00,"['SCOTT LEHTONEN', ""Investor's Business Daily""]",Dow Jones Futures Reverse Ahead Of Fed Meeting. Caterpillar ... Investor's Business Daily ...,https://www.investors.com/wp-content/uploads/2019/01/stock-FederalReserve-snow-11-shutter.jpg,Investors Business Daily,n/a,www.investors.com,"[{'topic': 'Life Sciences', 'relevance_score': '0.166667'}, {'topic': 'Energy & Transportation', 'relevance_score': '0.166667'}, {'topic': 'Technology', 'relevance_score': '0.166667'}, {'topic': 'Finance', 'relevance_score': '0.166667'}, {'topic': 'Economy - Monetary', 'relevance_score': '0.576289'}, {'topic': 'Retail & Wholesale', 'relevance_score': '0.166667'}, {'topic': 'Financial Markets', 'relevance_score': '1.0'}, {'topic': 'Manufacturing', 'relevance_score': '0.166667'}, {'topic': 'Earnings', 'relevance_score': '0.998917'}]",0.09318,Neutral,"[{'ticker': 'META', 'relevance_score': '0.049732', 'ticker_sentiment_score': '0.0', 'ticker_sentiment_label': 'Neutral'}, {'ticker': 'AAPL', 'relevance_score': '0.197011', 'ticker_sentiment_score': '0.004803', 'ticker_sentiment_label': 'Neutral'}, {'ticker': 'WING', 'relevance_score': '0.123908', 'ticker_sentiment_score': '0.033924', 'ticker_sentiment_label': 'Neutral'}, {'ticker': 'CVX', 'relevance_score': '0.099271', 'ticker_sentiment_score': '0.017757', 'ticker_sentiment_label': 'Neutral'}, {'ticker': 'MDNDF', 'relevance_score': '0.074537', 'ticker_sentiment_score': '-0.032609', 'ticker_sentiment_label': 'Neutral'}, {'ticker': 'SPOT', 'relevance_score': '0.074537', 'ticker_sentiment_score': '0.0', 'ticker_sentiment_label': 'Neutral'}, {'ticker': 'GM', 'relevance_score': '0.074537', 'ticker_sentiment_score': '0.072604', 'ticker_sentiment_label': 'Neutral'}, {'ticker': 'JPM', 'relevance_score': '0.123908', 'ticker_sentiment_score': '0.259026', 'ticker_sentiment_label': 'Somewhat-Bullish'}, {'ticker': 'NXPI', 'relevance_score': '0.049732', 'ticker_sentiment_score': '-0.13516', 'ticker_sentiment_label': 'Neutral'}, {'ticker': 'IVZ', 'relevance_score': '0.024878', 'ticker_sentiment_score': '0.10662', 'ticker_sentiment_label': 'Neutral'}, {'ticker': 'PFE', 'relevance_score': '0.074537', 'ticker_sentiment_score': '-0.070496', 'ticker_sentiment_label': 'Neutral'}, {'ticker': 'ALGM', 'relevance_score': '0.049732', 'ticker_sentiment_score': '0.0', 'ticker_sentiment_label': 'Neutral'}, {'ticker': 'LAC', 'relevance_score': '0.049732', 'ticker_sentiment_score': '0.118183', 'ticker_sentiment_label': 'Neutral'}, {'ticker': 'MSFT', 'relevance_score': '0.099271', 'ticker_sentiment_score': '-0.050399', 'ticker_sentiment_label': 'Neutral'}, {'ticker': 'TSLA', 'relevance_score': '0.074537', 'ticker_sentiment_score': '0.005131', 'ticker_sentiment_label': 'Neutral'}, {'ticker': 'ETSY', 'relevance_score': '0.123908', 'ticker_sentiment_score': '0.046983', 'ticker_sentiment_label': 'Neutral'}, {'ticker': 'CAT', 'relevance_score': '0.099271', 'ticker_sentiment_score': '-0.034674', 'ticker_sentiment_label': 'Neutral'}, {'ticker': 'XOM', 'relevance_score': '0.049732', 'ticker_sentiment_score': '-0.068971', 'ticker_sentiment_label': 'Neutral'}, {'ticker': 'PI', 'relevance_score': '0.148426', 'ticker_sentiment_score': '0.166701', 'ticker_sentiment_label': 'Somewhat-Bullish'}, {'ticker': 'UPS', 'relevance_score': '0.074537', 'ticker_sentiment_score': '0.0', 'ticker_sentiment_label': 'Neutral'}, {'ticker': 'AMZN', 'relevance_score': '0.074537', 'ticker_sentiment_score': '0.0', 'ticker_sentiment_label': 'Neutral'}]",AAPL
Biggest Earnings Week of the Season: Key Stocks to Watch,https://www.zacks.com/commentary/2046491/biggest-earnings-week-of-the-season-key-stocks-to-watch,2023-01-31 13:50:00,['Zacks Investment Research'],"This week is undoubtedly the most important week of earnings season. Andrew Rocco highlights key industries to watch including big tech, biotech, and energy.",https://staticx-tuner.zacks.com/images/articles/main/a1/2630.jpg,Zacks Commentary,n/a,www.zacks.com,"[{'topic': 'Life Sciences', 'relevance_score': '0.2'}, {'topic': 'Energy & Transportation', 'relevance_score': '0.2'}, {'topic': 'Technology', 'relevance_score': '0.2'}, {'topic': 'Retail & Wholesale', 'relevance_score': '0.2'}, {'topic': 'Financial Markets', 'relevance_score': '0.87644'}, {'topic': 'Manufacturing', 'relevance_score': '0.2'}, {'topic': 'Earnings', 'relevance_score': '0.96136'}]",0.148711,Neutral,"[{'ticker': 'AMD', 'relevance_score': '0.137278', 'ticker_sentiment_score': '0.265276', 'ticker_sentiment_label': 'Somewhat-Bullish'}, {'ticker': 'META', 'relevance_score': '0.270523', 'ticker_sentiment_score': '0.126035', 'ticker_sentiment_label': 'Neutral'}, {'ticker': 'AAPL', 'relevance_score': '0.137278', 'ticker_sentiment_score': '-0.026405', 'ticker_sentiment_label': 'Neutral'}, {'ticker': 'AMZN', 'relevance_score': '0.137278', 'ticker_sentiment_score': '-0.026405', 'ticker_sentiment_label': 'Neutral'}, {'ticker': 'PFE', 'relevance_score': '0.137278', 'ticker_sentiment_score': '0.023538', 'ticker_sentiment_label': 'Neutral'}, {'ticker': 'XOM', 'relevance_score': '0.204647', 'ticker_sentiment_score': '0.164963', 'ticker_sentiment_label': 'Somewhat-Bullish'}]",AAPL
Is Intel a Value Stock or a Value Trap for 2023?,https://www.fool.com/investing/2023/01/31/is-intel-a-value-stock-or-a-value-trap-for-2023/,2023-01-31 13:33:00,['Nicholas Rossolillo'],"An ugly end to 2022, and even uglier start to 2023, doesn't bode well for this once-great semiconductor company.",https://g.foolcdn.com/image/?url=https%3A%2F%2Fg.foolcdn.com%2Feditorial%2Fimages%2F718370%2Fstock-chart-on-tablet-young-woman.jpg&op=resize&h=340,Motley Fool,n/a,www.fool.com,"[{'topic': 'Financial Markets', 'relevance_score': '0.990999'}, {'topic': 'Manufacturing', 'relevance_score': '0.5'}, {'topic': 'Earnings', 'relevance_score': '0.999981'}, {'topic': 'Mergers & Acquisitions', 'relevance_score': '0.360215'}, {'topic': 'Technology', 'relevance_score': '0.5'}]",0.091908,Neutral,"[{'ticker': 'NVDA', 'relevance_score': '0.041755', 'ticker_sentiment_score': '-0.022625', 'ticker_sentiment_label': 'Neutral'}, {'ticker': 'AAPL', 'relevance_score': '0.083396', 'ticker_sentiment_score': '0.089026', 'ticker_sentiment_label': 'Neutral'}, {'ticker': 'AVGO', 'relevance_score': '0.041755', 'ticker_sentiment_score': '-0.022625', 'ticker_sentiment_label': 'Neutral'}, {'ticker': 'INTC', 'relevance_score': '0.75061', 'ticker_sentiment_score': '0.098917', 'ticker_sentiment_label': 'Neutral'}, {'ticker': 'MRVL', 'relevance_score': '0.041755', 'ticker_sentiment_score': '-0.022625', 'ticker_sentiment_label': 'Neutral'}, {'ticker': 'TSM', 'relevance_score': '0.083396', 'ticker_sentiment_score': '0.089026', 'ticker_sentiment_label': 'Neutral'}]",AAPL
Interactive Brokers and Generac Holdings have been highlighted as Zacks Bull and Bear of the Day,https://www.zacks.com/stock/news/2046827/interactive-brokers-and-generac-holdings-have-been-highlighted-as-zacks-bull-and-bear-of-the-day,2023-01-31 13:14:00,['Zacks Investment Research'],"Chicago, IL - January 31, 2023 - Zacks Equity Research shares Interactive Brokers ( IBKR Quick QuoteIBKR - ) as the Bull of the Day and Generac Holdings ( GNRC Quick QuoteGNRC - ) asthe Bear of the Day.",https://staticx-tuner.zacks.com/images/articles/main/50/348.jpg,Zacks Commentary,n/a,www.zacks.com,"[{'topic': 'Technology', 'relevance_score': '0.25'}, {'topic': 'Finance', 'relevance_score': '0.25'}, {'topic': 'Economy - Monetary', 'relevance_score': '0.9545'}, {'topic': 'Retail & Wholesale', 'relevance_score': '0.25'}, {'topic': 'Financial Markets', 'relevance_score': '0.998356'}, {'topic': 'Manufacturing', 'relevance_score': '0.25'}, {'topic': 'Earnings', 'relevance_score': '0.999953'}]",0.126836,Neutral,"[{'ticker': 'MSFT', 'relevance_score': '0.024673', 'ticker_sentiment_score': '0.000947', 'ticker_sentiment_label': 'Neutral'}, {'ticker': 'AMDUF', 'relevance_score': '0.024673', 'ticker_sentiment_score': '0.124405', 'ticker_sentiment_label': 'Neutral'}, {'ticker': 'GNRC', 'relevance_score': '0.195419', 'ticker_sentiment_score': '0.03372', 'ticker_sentiment_label': 'Neutral'}, {'ticker': 'AAPL', 'relevance_score': '0.073924', 'ticker_sentiment_score': '0.070535', 'ticker_sentiment_label': 'Neutral'}, {'ticker': 'IBKR', 'relevance_score': '0.266299', 'ticker_sentiment_score': '0.24787', 'ticker_sentiment_label': 'Somewhat-Bullish'}, {'ticker': 'AMZN', 'relevance_score': '0.073924', 'ticker_sentiment_score': '0.070535', 'ticker_sentiment_label': 'Neutral'}]",AAPL
"Here's what's worth streaming in February 2023, from 'Dear Edward' to 'Wakanda Forever' and 'You'",https://www.marketwatch.com/story/heres-whats-worth-streaming-in-february-2023-from-dear-edward-to-wakanda-forever-and-you-11675167676,2023-01-31 12:26:00,['Mike Murphy'],"In a month short on big-name releases, Netflix and Apple TV+ appear to have the best of the bunch ...",https://images.mktw.net/im-665338/social,MarketWatch,Top Stories,www.marketwatch.com,"[{'topic': 'Retail & Wholesale', 'relevance_score': '0.5'}, {'topic': 'Financial Markets', 'relevance_score': '0.161647'}, {'topic': 'Earnings', 'relevance_score': '0.214378'}, {'topic': 'Technology', 'relevance_score': '0.5'}]",0.134389,Neutral,"[{'ticker': 'NFLX', 'relevance_score': '0.121496', 'ticker_sentiment_score': '-0.04153', 'ticker_sentiment_label': 'Neutral'}, {'ticker': 'WBD', 'relevance_score': '0.121496', 'ticker_sentiment_score': '0.079124', 'ticker_sentiment_label': 'Neutral'}, {'ticker': 'AAPL', 'relevance_score': '0.091277', 'ticker_sentiment_score': '0.044491', 'ticker_sentiment_label': 'Neutral'}, {'ticker': 'CCZ', 'relevance_score': '0.015245', 'ticker_sentiment_score': '0.068754', 'ticker_sentiment_label': 'Neutral'}, {'ticker': 'PARA', 'relevance_score': '0.030485', 'ticker_sentiment_score': '0.019243', 'ticker_sentiment_label': 'Neutral'}, {'ticker': 'AMZN', 'relevance_score': '0.045714', 'ticker_sentiment_score': '0.369831', 'ticker_sentiment_label': 'Bullish'}]",AAPL
Exxon Vaults to Record Annual Profit of $55.7 Billion,https://www.wsj.com/articles/exxon-mobil-xom-q4-earnings-report-2022-11675128584,2023-01-31 12:09:00,['Collin Eaton'],Only Apple and Microsoft so far have surpassed Exxon's fiscal 2022 profit as the oil giant capitalized on high commodity prices.,https://images.wsj.net/im-713448/social,Wall Street Journal,Business,www.wsj.com,"[{'topic': 'Earnings', 'relevance_score': '0.769861'}, {'topic': 'Energy & Transportation', 'relevance_score': '0.5'}, {'topic': 'Technology', 'relevance_score': '0.5'}]",0.092118,Neutral,"[{'ticker': 'MSFT', 'relevance_score': '0.31482', 'ticker_sentiment_score': '0.093345', 'ticker_sentiment_label': 'Neutral'}, {'ticker': 'GOOG', 'relevance_score': '0.582526', 'ticker_sentiment_score': '0.142102', 'ticker_sentiment_label': 'Neutral'}, {'ticker': 'AAPL', 'relevance_score': '0.31482', 'ticker_sentiment_score': '0.093345', 'ticker_sentiment_label': 'Neutral'}, {'ticker': 'XOM', 'relevance_score': '0.31482', 'ticker_sentiment_score': '0.080815', 'ticker_sentiment_label': 'Neutral'}]",AAPL
Should WisdomTree U.S. Total Dividend ETF  ( DTD )  Be on Your Investing Radar?,https://www.zacks.com/stock/news/2046742/should-wisdomtree-us-total-dividend-etf-dtd-be-on-your-investing-radar,2023-01-31 11:20:08,['Zacks Investment Research'],Style Box ETF report for DTD ...,https://staticx-tuner.zacks.com/images/default_article_images/default172.jpg,Zacks Commentary,n/a,www.zacks.com,"[{'topic': 'Financial Markets', 'relevance_score': '1.0'}, {'topic': 'Earnings', 'relevance_score': '0.451494'}, {'topic': 'Energy & Transportation', 'relevance_score': '0.5'}, {'topic': 'Technology', 'relevance_score': '0.5'}]",0.222135,Somewhat-Bullish,"[{'ticker': 'MSFT', 'relevance_score': '0.123209', 'ticker_sentiment_score': '0.068541', 'ticker_sentiment_label': 'Neutral'}, {'ticker': 'AAPL', 'relevance_score': '0.123209', 'ticker_sentiment_score': '0.068541', 'ticker_sentiment_label': 'Neutral'}, {'ticker': 'WT', 'relevance_score': '0.301686', 'ticker_sentiment_score': '0.187202', 'ticker_sentiment_label': 'Somewhat-Bullish'}, {'ticker': 'XOM', 'relevance_score': '0.123209', 'ticker_sentiment_score': '0.068541', 'ticker_sentiment_label': 'Neutral'}]",AAPL
Apple Could Teach Fellow Top Warren Buffett Stock Chevron a Valuable Lesson,https://www.fool.com/investing/2023/01/31/apple-could-teach-fellow-top-warren-buffett-stock/,2023-01-31 11:18:00,['Matthew DiLallo'],Apple is adept at repurchasing its stock.,https://media.ycharts.com/charts/11971de44c8b132381f7b5221cb2a256.png,Motley Fool,n/a,www.fool.com,"[{'topic': 'Financial Markets', 'relevance_score': '0.999365'}, {'topic': 'Mergers & Acquisitions', 'relevance_score': '0.360215'}, {'topic': 'Energy & Transportation', 'relevance_score': '0.333333'}, {'topic': 'Technology', 'relevance_score': '0.333333'}, {'topic': 'Finance', 'relevance_score': '0.333333'}]",0.244686,Somewhat-Bullish,"[{'ticker': 'CVX', 'relevance_score': '0.53764', 'ticker_sentiment_score': '0.364791', 'ticker_sentiment_label': 'Bullish'}, {'ticker': 'AAPL', 'relevance_score': '0.452384', 'ticker_sentiment_score': '0.188982', 'ticker_sentiment_label': 'Somewhat-Bullish'}, {'ticker': 'BRK-A', 'relevance_score': '0.053271', 'ticker_sentiment_score': '0.174721', 'ticker_sentiment_label': 'Somewhat-Bullish'}]",AAPL
Apple Just Laid the Groundwork for Its Next Multibillion-Dollar Opportunity,https://www.fool.com/investing/2023/01/31/apple-laid-groundwork-for-multibillion-opportunity/,2023-01-31 11:15:00,['Adam Levy'],The tech titan is copying a strategy right out of Google's playbook.,https://g.foolcdn.com/misc-assets/hp-sa-cumulative-growth-chart.png,Motley Fool,n/a,www.fool.com,"[{'topic': 'Earnings', 'relevance_score': '0.108179'}, {'topic': 'Technology', 'relevance_score': '0.5'}, {'topic': 'Finance', 'relevance_score': '0.5'}]",0.295599,Somewhat-Bullish,"[{'ticker': 'GOOG', 'relevance_score': '0.339046', 'ticker_sentiment_score': '0.262273', 'ticker_sentiment_label': 'Somewhat-Bullish'}, {'ticker': 'AAPL', 'relevance_score': '0.811755', 'ticker_sentiment_score': '0.520147', 'ticker_sentiment_label': 'Bullish'}, {'ticker': 'MS', 'relevance_score': '0.0699', 'ticker_sentiment_score': '0.030094', 'ticker_sentiment_label': 'Neutral'}]",AAPL
Volatility In Markets Increases Sharply Ahead Of Big Earnings,https://www.benzinga.com/news/earnings/23/01/30636531/volatility-in-markets-increases-sharply-ahead-of-big-earnings,2023-01-31 10:48:42,['Lisa Levin'],"US stocks closed lower on Monday amid declines in technology and other megacap stocks. Big tech names, including, Apple Inc AAPL, Amazon.com Inc AMZN and Alphabet Inc GOOGL are scheduled to report earnings results this week.",https://cdn.benzinga.com/files/images/story/2023/01/31/image31.jpeg?width=1200&height=800&fit=crop,Benzinga,Trading,www.benzinga.com,"[{'topic': 'Economy - Monetary', 'relevance_score': '0.451494'}, {'topic': 'Financial Markets', 'relevance_score': '0.538269'}, {'topic': 'Manufacturing', 'relevance_score': '0.5'}, {'topic': 'Earnings', 'relevance_score': '0.158519'}, {'topic': 'Technology', 'relevance_score': '0.5'}]",-0.160794,Somewhat-Bearish,"[{'ticker': 'GOOG', 'relevance_score': '0.195814', 'ticker_sentiment_score': '0.0', 'ticker_sentiment_label': 'Neutral'}, {'ticker': 'AAPL', 'relevance_score': '0.678673', 'ticker_sentiment_score': '-0.306281', 'ticker_sentiment_label': 'Somewhat-Bearish'}, {'ticker': 'TSLA', 'relevance_score': '0.380012', 'ticker_sentiment_score': '-0.375816', 'ticker_sentiment_label': 'Bearish'}]",AAPL
3 Dividend Stocks That Beat the Market in 2022 but Are Still Worth Buying Now,https://www.fool.com/investing/2023/01/31/3-dividend-stocks-that-beat-the-market-in-2022-buy/,2023-01-31 10:45:00,"['Daniel Foelber', 'and Lee Samaha', 'Scott Levine']",These energy and industrial stocks offer a blend of growth and value at an affordable price.,https://g.foolcdn.com/image/?url=https%3A%2F%2Fg.foolcdn.com%2Feditorial%2Fimages%2F718005%2Fgettyimages-1323264565.jpg&op=resize&w=700,Motley Fool,n/a,www.fool.com,"[{'topic': 'Financial Markets', 'relevance_score': '0.999999'}, {'topic': 'Earnings', 'relevance_score': '0.938238'}, {'topic': 'Energy & Transportation', 'relevance_score': '0.5'}, {'topic': 'Technology', 'relevance_score': '0.5'}]",0.316666,Somewhat-Bullish,"[{'ticker': 'BKR', 'relevance_score': '0.192387', 'ticker_sentiment_score': '0.238036', 'ticker_sentiment_label': 'Somewhat-Bullish'}, {'ticker': 'DCP', 'relevance_score': '0.038843', 'ticker_sentiment_score': '0.211327', 'ticker_sentiment_label': 'Somewhat-Bullish'}, {'ticker': 'DE', 'relevance_score': '0.407844', 'ticker_sentiment_score': '0.327617', 'ticker_sentiment_label': 'Somewhat-Bullish'}, {'ticker': 'AAPL', 'relevance_score': '0.038843', 'ticker_sentiment_score': '-0.07808', 'ticker_sentiment_label': 'Neutral'}, {'ticker': 'HAL', 'relevance_score': '0.038843', 'ticker_sentiment_score': '0.033139', 'ticker_sentiment_label': 'Neutral'}, {'ticker': 'PSX', 'relevance_score': '0.266828', 'ticker_sentiment_score': '0.343914', 'ticker_sentiment_label': 'Somewhat-Bullish'}]",AAPL
Samsung Sees Smaller Smartphone Market In 2023; Won't Cut Chip Spending Despite Demand Slump,https://www.thestreet.com/markets/samsung-sees-smaller-smartphone-market-wont-cut-chip-spending,2023-01-31 10:39:00,['Martin Baccardax'],"""Amid prolonging geopolitical issues, continued inflation, and the continued economic slowdown, we expect the smartphone market to contract in 2023,"" said Samsung vice president Daniel Araujo.",https://www.thestreet.com/.image/ar_16:9%2Cc_fill%2Ccs_srgb%2Cfl_progressive%2Cg_faces:center%2Cq_auto:good%2Cw_620/MTg5NzU2OTkzMjQ0NzY3NDU4/stocks-buy-sell.jpg,The Street,n/a,www.thestreet.com,"[{'topic': 'Economy - Monetary', 'relevance_score': '0.576289'}, {'topic': 'Financial Markets', 'relevance_score': '0.214378'}, {'topic': 'Earnings', 'relevance_score': '0.682689'}, {'topic': 'Technology', 'relevance_score': '1.0'}]",-0.009836,Neutral,"[{'ticker': 'SSNLF', 'relevance_score': '0.556946', 'ticker_sentiment_score': '-0.076223', 'ticker_sentiment_label': 'Neutral'}, {'ticker': 'AAPL', 'relevance_score': '0.201803', 'ticker_sentiment_score': '0.049231', 'ticker_sentiment_label': 'Neutral'}]",AAPL
Bargain Shopping? 2 Unstoppable Stocks to Buy Hand Over Fist in 2023,https://www.fool.com/investing/2023/01/31/bargain-unstoppable-stocks-buy-2023/,2023-01-31 10:35:00,['John Ballard'],"The recent dip is a perfect opportunity to buy these two cash-gushing, industry-leading companies.",https://media.ycharts.com/charts/1aae438259d5b99ce479e742b3dbbc22.png,Motley Fool,n/a,www.fool.com,"[{'topic': 'Earnings', 'relevance_score': '0.905476'}, {'topic': 'Technology', 'relevance_score': '1.0'}, {'topic': 'Financial Markets', 'relevance_score': '0.955357'}]",0.237632,Somewhat-Bullish,"[{'ticker': 'MSFT', 'relevance_score': '0.411656', 'ticker_sentiment_score': '0.210554', 'ticker_sentiment_label': 'Somewhat-Bullish'}, {'ticker': 'AAPL', 'relevance_score': '0.646507', 'ticker_sentiment_score': '0.301525', 'ticker_sentiment_label': 'Somewhat-Bullish'}]",AAPL
Another Chance to Look Back and Score Stock Picks,https://www.fool.com/investing/2023/01/31/another-chance-to-look-back-and-score-stock-picks/,2023-01-31 09:24:00,['Motley Fool Staff'],"""I think it's helpful to score because if you don't score, you're not really sure if you're doing it right."" -- Motley Fool co-founder David Gardner ...",https://g.foolcdn.com/misc-assets/hp-sa-cumulative-growth-chart.png,Motley Fool,n/a,www.fool.com,"[{'topic': 'Economy - Monetary', 'relevance_score': '0.310843'}, {'topic': 'Retail & Wholesale', 'relevance_score': '0.333333'}, {'topic': 'Financial Markets', 'relevance_score': '1.0'}, {'topic': 'Manufacturing', 'relevance_score': '0.333333'}, {'topic': 'Earnings', 'relevance_score': '0.996718'}, {'topic': 'Technology', 'relevance_score': '0.333333'}]",0.2377,Somewhat-Bullish,"[{'ticker': 'MSFT', 'relevance_score': '0.004252', 'ticker_sentiment_score': '0.095131', 'ticker_sentiment_label': 'Neutral'}, {'ticker': 'GOOG', 'relevance_score': '0.008503', 'ticker_sentiment_score': '0.003328', 'ticker_sentiment_label': 'Neutral'}, {'ticker': 'AAPL', 'relevance_score': '0.101761', 'ticker_sentiment_score': '0.097297', 'ticker_sentiment_label': 'Neutral'}, {'ticker': 'SEDG', 'relevance_score': '0.03825', 'ticker_sentiment_score': '0.098198', 'ticker_sentiment_label': 'Neutral'}, {'ticker': 'TSLA', 'relevance_score': '0.089098', 'ticker_sentiment_score': '0.106398', 'ticker_sentiment_label': 'Neutral'}, {'ticker': 'SBUX', 'relevance_score': '0.050985', 'ticker_sentiment_score': '0.067923', 'ticker_sentiment_label': 'Neutral'}, {'ticker': 'ETSY', 'relevance_score': '0.063706', 'ticker_sentiment_score': '0.109344', 'ticker_sentiment_label': 'Neutral'}, {'ticker': 'QCOM', 'relevance_score': '0.004252', 'ticker_sentiment_score': '0.164736', 'ticker_sentiment_label': 'Somewhat-Bullish'}, {'ticker': 'TEAM', 'relevance_score': '0.021256', 'ticker_sentiment_score': '0.009098', 'ticker_sentiment_label': 'Neutral'}, {'ticker': 'AMZN', 'relevance_score': '0.067943', 'ticker_sentiment_score': '0.074465', 'ticker_sentiment_label': 'Neutral'}]",AAPL
"Taiwan Dec export orders fall for 4th month, uncertainty darkens outlook",https://www.reuters.com/markets/asia/taiwan-dec-export-orders-fall-4th-month-uncertainty-darkens-outlook-2023-01-31/,2023-01-31 09:09:00,['Reuters'],"Taiwan Dec export orders fall for 4th month, uncertainty darkens ... ...",https://www.reuters.com/pf/resources/images/reuters/reuters-default.png?d=127,Reuters,Markets,www.reuters.com,"[{'topic': 'Economy - Monetary', 'relevance_score': '0.576289'}, {'topic': 'Technology', 'relevance_score': '0.5'}, {'topic': 'Manufacturing', 'relevance_score': '0.5'}]",-0.22519,Somewhat-Bearish,"[{'ticker': 'QCOM', 'relevance_score': '0.090474', 'ticker_sentiment_score': '0.0', 'ticker_sentiment_label': 'Neutral'}, {'ticker': 'AAPL', 'relevance_score': '0.090474', 'ticker_sentiment_score': '0.0', 'ticker_sentiment_label': 'Neutral'}, {'ticker': 'TSM', 'relevance_score': '0.090474', 'ticker_sentiment_score': '0.0', 'ticker_sentiment_label': 'Neutral'}]",AAPL
Apple Execs Set Rules Violating Worker Rights: Labor Officials,https://www.benzinga.com/government/23/01/30635101/apple-executives-reportedly-imposed-rules-on-employees-deemed-illegal-by-federal-agency,2023-01-31 05:00:25,['Shivdeep Dhaliwal'],"Apple Inc AAPL executives made comments and imposed policies on staff that were illegal, according to prosecutors from U.S. National Labor Relations Board.",https://cdn.benzinga.com/files/images/story/2023/01/31/shutterstock_1757133131.jpg?width=1200&height=800&fit=crop,Benzinga,News,www.benzinga.com,"[{'topic': 'Technology', 'relevance_score': '1.0'}]",-0.174167,Somewhat-Bearish,"[{'ticker': 'AAPL', 'relevance_score': '0.76191', 'ticker_sentiment_score': '-0.313943', 'ticker_sentiment_label': 'Somewhat-Bearish'}]",AAPL
Apple Music Gives Sneak Peak Into Rihanna's Super Bowl Halftime,https://www.benzinga.com/general/entertainment/23/01/30635172/apple-music-puts-spotlight-on-rihannas-road-to-halftime-ahead-of-super-bowl,2023-01-31 04:40:33,['Ananya Gairola'],"Apple Inc. AAPL Music subscribers and Rihanna's fanbase now have exclusive ways to experience Grammy award-winning pop star's ""musical genius"" as they gear up for her much-anticipated Super Bowl Halftime performance.",https://cdn.benzinga.com/files/images/story/2023/Photo_by_DFree_on_Shutterstock.jpeg?width=1200&height=800&fit=crop,Benzinga,News,www.benzinga.com,"[{'topic': 'Technology', 'relevance_score': '1.0'}]",0.272712,Somewhat-Bullish,"[{'ticker': 'GOOG', 'relevance_score': '0.135347', 'ticker_sentiment_score': '0.058263', 'ticker_sentiment_label': 'Neutral'}, {'ticker': 'AAPL', 'relevance_score': '0.693563', 'ticker_sentiment_score': '0.408826', 'ticker_sentiment_label': 'Bullish'}]",AAPL
Samsung profit plunges 90 per cent amid chip market crash,https://www.scmp.com/tech/big-tech/article/3208531/samsung-profit-plunges-90-cent-fourth-quarter-chip-market-crash-hits-semiconductor-giants,2023-01-31 01:52:33,['Bloomberg'],South Korea's largest company has been struggling with a historic slump in the price of memory as inventories pile up after a pandemic-fuelled surge.,https://cdn.i-scmp.com/sites/default/files/styles/wide_landscape/public/d8/video/thumbnail/2022/08/11/clean_0.jpg?itok=ZxwZwTHQ,South China Morning Post,Companies,www.scmp.com,"[{'topic': 'Economy - Monetary', 'relevance_score': '0.310843'}, {'topic': 'Manufacturing', 'relevance_score': '0.333333'}, {'topic': 'Earnings', 'relevance_score': '0.451494'}, {'topic': 'Technology', 'relevance_score': '0.333333'}, {'topic': 'Finance', 'relevance_score': '0.333333'}]",-0.120249,Neutral,"[{'ticker': 'MSFT', 'relevance_score': '0.094762', 'ticker_sentiment_score': '-0.082216', 'ticker_sentiment_label': 'Neutral'}, {'ticker': 'SSNLF', 'relevance_score': '0.094762', 'ticker_sentiment_score': '-0.146194', 'ticker_sentiment_label': 'Neutral'}, {'ticker': 'AAPL', 'relevance_score': '0.094762', 'ticker_sentiment_score': '-0.157616', 'ticker_sentiment_label': 'Somewhat-Bearish'}, {'ticker': 'INTC', 'relevance_score': '0.094762', 'ticker_sentiment_score': '-0.082216', 'ticker_sentiment_label': 'Neutral'}, {'ticker': 'WDC', 'relevance_score': '0.094762', 'ticker_sentiment_score': '0.0', 'ticker_sentiment_label': 'Neutral'}, {'ticker': 'MU', 'relevance_score': '0.094762', 'ticker_sentiment_score': '-0.097815', 'ticker_sentiment_label': 'Neutral'}, {'ticker': 'GS', 'relevance_score': '0.094762', 'ticker_sentiment_score': '-0.136899', 'ticker_sentiment_label': 'Neutral'}, {'ticker': 'FOREX:AMD', 'relevance_score': '0.094762', 'ticker_sentiment_score': '-0.136899', 'ticker_sentiment_label': 'Neutral'}]",AAPL
"Tech, megacaps drag Wall Street to lower close as big market week kicks off",https://www.moneycontrol.com/news/business/markets/tech-megacaps-drag-wall-street-to-lower-close-as-big-market-week-kicks-off-9968011.html,2023-01-31 01:08:15,[],"The heavyweight tech sector ( .SPLRCT ) dropped 1.9% while energy ( .SPNY ) shed 2.3%, the biggest drop among the SP 500 sectors. Shares of Apple Inc ( AAPL.O ) , Amazon.com Inc ( AMZN.O ) and Google parent Alphabet Inc ( GOOGL.O ) , which are due to post results later this week, all slumped.",https://images.moneycontrol.com/static-mcnews/2017/04/wall_street1.jpg?impolicy=website&width=168&height=118,Money Control,Markets,www.moneycontrol.com,"[{'topic': 'Economy - Monetary', 'relevance_score': '0.310843'}, {'topic': 'Financial Markets', 'relevance_score': '0.214378'}, {'topic': 'Earnings', 'relevance_score': '0.451494'}, {'topic': 'Technology', 'relevance_score': '0.5'}, {'topic': 'Finance', 'relevance_score': '0.5'}]",-0.026187,Neutral,"[{'ticker': 'GOOG', 'relevance_score': '0.279015', 'ticker_sentiment_score': '-0.036345', 'ticker_sentiment_label': 'Neutral'}, {'ticker': 'WFC', 'relevance_score': '0.141726', 'ticker_sentiment_score': '0.071045', 'ticker_sentiment_label': 'Neutral'}, {'ticker': 'AAPL', 'relevance_score': '0.141726', 'ticker_sentiment_score': '-0.022032', 'ticker_sentiment_label': 'Neutral'}]",AAPL
Apple execs violated labor law after remarks that interfered with organizing: report,https://www.marketwatch.com/story/apple-execs-violated-labor-law-after-remarks-that-interfered-with-organizing-report-11675122153,2023-01-30 23:42:00,['Bill Peters'],"U.S. labor lawyers reportedly found that Apple Inc. executives ran afoul of labor law, after they made remarks and set rules that chilled efforts to organize.",https://images.mktw.net/im-713498/social,MarketWatch,Top Stories,www.marketwatch.com,"[{'topic': 'Technology', 'relevance_score': '1.0'}]",-0.264894,Somewhat-Bearish,"[{'ticker': 'AAPL', 'relevance_score': '0.801457', 'ticker_sentiment_score': '-0.429766', 'ticker_sentiment_label': 'Bearish'}]",AAPL
Time to Take Another Bite of Apple Before Q1 Earnings?,https://www.zacks.com/stock/news/2046546/time-to-take-another-bite-of-apple-before-q1-earnings,2023-01-30 22:48:00,['Zacks Investment Research'],"Apple has managed to deliver better-than-expected results despite facing a challenging business environment, exceeding the Zacks Consensus EPS Estimate in four consecutive quarters. Can the streak continue?",https://staticx-tuner.zacks.com/images/articles/main/24/52.jpg,Zacks Commentary,n/a,www.zacks.com,"[{'topic': 'Earnings', 'relevance_score': '0.999993'}, {'topic': 'Technology', 'relevance_score': '0.5'}, {'topic': 'Manufacturing', 'relevance_score': '0.5'}]",0.105668,Neutral,"[{'ticker': 'MSFT', 'relevance_score': '0.138863', 'ticker_sentiment_score': '0.0', 'ticker_sentiment_label': 'Neutral'}, {'ticker': 'NFLX', 'relevance_score': '0.138863', 'ticker_sentiment_score': '0.0', 'ticker_sentiment_label': 'Neutral'}, {'ticker': 'AAPL', 'relevance_score': '0.664', 'ticker_sentiment_score': '0.355424', 'ticker_sentiment_label': 'Bullish'}, {'ticker': 'TSLA', 'relevance_score': '0.138863', 'ticker_sentiment_score': '0.0', 'ticker_sentiment_label': 'Neutral'}]",AAPL
"Futures: Fed Meeting, Big Earnings On Deck; What To Do Now",https://www.investors.com/market-trend/stock-market-today/dow-jones-falls-ahead-of-fed-meeting-big-earnings-what-to-do-now/,2023-01-30 21:55:00,"['SCOTT LEHTONEN', ""Investor's Business Daily""]","Futures: Fed Meeting, Big Earnings On Deck. What To Do Now Investor's Business Daily ...",https://www.investors.com/wp-content/uploads/2022/06/Stock-jeromepowell2022-05-gov.jpg,Investors Business Daily,n/a,www.investors.com,"[{'topic': 'Energy & Transportation', 'relevance_score': '0.2'}, {'topic': 'Technology', 'relevance_score': '0.2'}, {'topic': 'Finance', 'relevance_score': '0.2'}, {'topic': 'Economy - Monetary', 'relevance_score': '0.451494'}, {'topic': 'Retail & Wholesale', 'relevance_score': '0.2'}, {'topic': 'Financial Markets', 'relevance_score': '1.0'}, {'topic': 'Manufacturing', 'relevance_score': '0.2'}, {'topic': 'Earnings', 'relevance_score': '0.988787'}]",0.137108,Neutral,"[{'ticker': 'META', 'relevance_score': '0.062597', 'ticker_sentiment_score': '-0.073016', 'ticker_sentiment_label': 'Neutral'}, {'ticker': 'AAPL', 'relevance_score': '0.246582', 'ticker_sentiment_score': '-0.003821', 'ticker_sentiment_label': 'Neutral'}, {'ticker': 'WING', 'relevance_score': '0.124809', 'ticker_sentiment_score': '0.060513', 'ticker_sentiment_label': 'Neutral'}, {'ticker': 'CVX', 'relevance_score': '0.124809', 'ticker_sentiment_score': '0.108818', 'ticker_sentiment_label': 'Neutral'}, {'ticker': 'GM', 'relevance_score': '0.062597', 'ticker_sentiment_score': '0.0', 'ticker_sentiment_label': 'Neutral'}, {'ticker': 'JPM', 'relevance_score': '0.124809', 'ticker_sentiment_score': '0.284808', 'ticker_sentiment_label': 'Somewhat-Bullish'}, {'ticker': 'NXPI', 'relevance_score': '0.062597', 'ticker_sentiment_score': '-0.16713', 'ticker_sentiment_label': 'Somewhat-Bearish'}, {'ticker': 'IVZ', 'relevance_score': '0.031322', 'ticker_sentiment_score': '-0.050972', 'ticker_sentiment_label': 'Neutral'}, {'ticker': 'MSFT', 'relevance_score': '0.093775', 'ticker_sentiment_score': '-0.016938', 'ticker_sentiment_label': 'Neutral'}, {'ticker': 'TSLA', 'relevance_score': '0.155652', 'ticker_sentiment_score': '0.037639', 'ticker_sentiment_label': 'Neutral'}, {'ticker': 'SBUX', 'relevance_score': '0.062597', 'ticker_sentiment_score': '0.0', 'ticker_sentiment_label': 'Neutral'}, {'ticker': 'ETSY', 'relevance_score': '0.124809', 'ticker_sentiment_score': '0.059267', 'ticker_sentiment_label': 'Neutral'}, {'ticker': 'XOM', 'relevance_score': '0.062597', 'ticker_sentiment_score': '0.0', 'ticker_sentiment_label': 'Neutral'}, {'ticker': 'AMD', 'relevance_score': '0.062597', 'ticker_sentiment_score': '0.0', 'ticker_sentiment_label': 'Neutral'}, {'ticker': 'PI', 'relevance_score': '0.155652', 'ticker_sentiment_score': '0.179354', 'ticker_sentiment_label': 'Somewhat-Bullish'}, {'ticker': 'AMZN', 'relevance_score': '0.093775', 'ticker_sentiment_score': '-0.05111', 'ticker_sentiment_label': 'Neutral'}]",AAPL
Fasten your seatbelts,https://www.reuters.com/markets/us/global-markets-view-usa-pix-2023-01-30/,2023-01-30 21:47:00,['Stephen Culp'],Fasten your ...,https://graphics.reuters.com/CANADA-CENBANK/zjvqjebewpx/chart_eikon.jpg,Reuters,Markets,www.reuters.com,"[{'topic': 'Life Sciences', 'relevance_score': '0.2'}, {'topic': 'Energy & Transportation', 'relevance_score': '0.2'}, {'topic': 'Technology', 'relevance_score': '0.2'}, {'topic': 'Economy - Monetary', 'relevance_score': '0.838487'}, {'topic': 'Economy - Fiscal', 'relevance_score': '0.158519'}, {'topic': 'Retail & Wholesale', 'relevance_score': '0.2'}, {'topic': 'Financial Markets', 'relevance_score': '0.614606'}, {'topic': 'Manufacturing', 'relevance_score': '0.2'}, {'topic': 'Earnings', 'relevance_score': '0.714479'}]",0.016913,Neutral,"[{'ticker': 'GOOG', 'relevance_score': '0.094762', 'ticker_sentiment_score': '0.0', 'ticker_sentiment_label': 'Neutral'}, {'ticker': 'META', 'relevance_score': '0.094762', 'ticker_sentiment_score': '0.0', 'ticker_sentiment_label': 'Neutral'}, {'ticker': 'AAPL', 'relevance_score': '0.094762', 'ticker_sentiment_score': '0.0', 'ticker_sentiment_label': 'Neutral'}, {'ticker': 'MDNDF', 'relevance_score': '0.094762', 'ticker_sentiment_score': '0.0', 'ticker_sentiment_label': 'Neutral'}, {'ticker': 'GM', 'relevance_score': '0.094762', 'ticker_sentiment_score': '0.0', 'ticker_sentiment_label': 'Neutral'}, {'ticker': 'CAT', 'relevance_score': '0.094762', 'ticker_sentiment_score': '0.0', 'ticker_sentiment_label': 'Neutral'}, {'ticker': 'UPS', 'relevance_score': '0.094762', 'ticker_sentiment_score': '0.0', 'ticker_sentiment_label': 'Neutral'}, {'ticker': 'PFE', 'relevance_score': '0.094762', 'ticker_sentiment_score': '0.0', 'ticker_sentiment_label': 'Neutral'}, {'ticker': 'MCD', 'relevance_score': '0.094762', 'ticker_sentiment_score': '0.0', 'ticker_sentiment_label': 'Neutral'}, {'ticker': 'FOREX:USD', 'relevance_score': '0.094762', 'ticker_sentiment_score': '0.053849', 'ticker_sentiment_label': 'Neutral'}]",AAPL
"Stock Market Today: Stocks Slump Ahead of Tech Earnings, Fed Meeting",https://www.kiplinger.com/investing/stocks/stock-market-today-013023-stocks-slump-ahead-of-tech-earnings-fed-meeting,2023-01-30 21:14:56,['Karee Venema'],"Stock Market Today: Stocks Slump Ahead of Tech Earnings, Fed ... Kiplinger's Personal Finance ...",https://cdn.mos.cms.futurecdn.net/goMoHgaDFEbbFmcExNSJad-415-80.jpg,Kiplinger,GoogleRSS,www.kiplinger.com,"[{'topic': 'Economy - Monetary', 'relevance_score': '0.769861'}, {'topic': 'Financial Markets', 'relevance_score': '0.891286'}, {'topic': 'Earnings', 'relevance_score': '0.451494'}, {'topic': 'Technology', 'relevance_score': '0.5'}, {'topic': 'Finance', 'relevance_score': '0.5'}]",0.264165,Somewhat-Bullish,"[{'ticker': 'AAPL', 'relevance_score': '0.145583', 'ticker_sentiment_score': '0.0', 'ticker_sentiment_label': 'Neutral'}, {'ticker': 'LPLA', 'relevance_score': '0.073098', 'ticker_sentiment_score': '0.037223', 'ticker_sentiment_label': 'Neutral'}]",AAPL
Apple earnings may rely on an unlikely hero amid iPhone uncertainty,https://www.marketwatch.com/story/apple-earnings-may-rely-on-an-unlikely-hero-amid-iphone-uncertainty-11675111574,2023-01-30 20:46:00,['Emily Bary'],Apple Inc.'s Mac business has enjoyed a renaissance that's lasted far beyond the initial pandemic-driven boom. Can the momentum continue?,https://images.mktw.net/im-713317/social,MarketWatch,Top Stories,www.marketwatch.com,"[{'topic': 'Economy - Fiscal', 'relevance_score': '0.158519'}, {'topic': 'Earnings', 'relevance_score': '0.99393'}, {'topic': 'Technology', 'relevance_score': '0.5'}, {'topic': 'Finance', 'relevance_score': '0.5'}]",0.014542,Neutral,"[{'ticker': 'HPQ', 'relevance_score': '0.118647', 'ticker_sentiment_score': '0.099213', 'ticker_sentiment_label': 'Neutral'}, {'ticker': 'AAPL', 'relevance_score': '0.703874', 'ticker_sentiment_score': '0.011641', 'ticker_sentiment_label': 'Neutral'}, {'ticker': 'MS', 'relevance_score': '0.059488', 'ticker_sentiment_score': '0.102', 'ticker_sentiment_label': 'Neutral'}]",AAPL
What stock-market investors need to know as busiest week of earnings season begins,https://www.marketwatch.com/story/what-stock-market-investors-need-to-know-as-busiest-week-of-earnings-season-begins-11675111142,2023-01-30 20:39:00,['Joseph Adinolfi'],U.S. companies are in a precarious spot as the most important week of earnings season begins Monday.,https://images.mktw.net/im-713293?width=700&height=368,MarketWatch,Top Stories,www.marketwatch.com,"[{'topic': 'Economy - Monetary', 'relevance_score': '0.890401'}, {'topic': 'Retail & Wholesale', 'relevance_score': '0.333333'}, {'topic': 'Earnings', 'relevance_score': '0.999999'}, {'topic': 'Technology', 'relevance_score': '0.333333'}, {'topic': 'Finance', 'relevance_score': '0.333333'}]",-0.021722,Neutral,"[{'ticker': 'GOOG', 'relevance_score': '0.050148', 'ticker_sentiment_score': '0.081355', 'ticker_sentiment_label': 'Neutral'}, {'ticker': 'META', 'relevance_score': '0.149656', 'ticker_sentiment_score': '0.044157', 'ticker_sentiment_label': 'Neutral'}, {'ticker': 'AAPL', 'relevance_score': '0.149656', 'ticker_sentiment_score': '0.044157', 'ticker_sentiment_label': 'Neutral'}, {'ticker': 'BAC', 'relevance_score': '0.050148', 'ticker_sentiment_score': '-0.034983', 'ticker_sentiment_label': 'Neutral'}, {'ticker': 'AMZN', 'relevance_score': '0.100099', 'ticker_sentiment_score': '0.037072', 'ticker_sentiment_label': 'Neutral'}, {'ticker': 'FOREX:USD', 'relevance_score': '0.050148', 'ticker_sentiment_score': '0.055112', 'ticker_sentiment_label': 'Neutral'}]",AAPL
The 'return of the DOJ' hangs over Google as online ads decline,https://www.marketwatch.com/story/the-return-of-the-doj-hangs-over-google-as-online-ads-decline-11675110997,2023-01-30 20:36:00,['Jon Swartz'],The very thing that has Google entangled in a handful of government lawsuits - its dominance of the digital-ad market - is the dominant story line when it reports fiscal fourth-quarter results Thursday.,https://images.mktw.net/im-701758/social,MarketWatch,Top Stories,www.marketwatch.com,"[{'topic': 'Earnings', 'relevance_score': '0.891286'}, {'topic': 'Technology', 'relevance_score': '1.0'}]",-0.105602,Neutral,"[{'ticker': 'GOOG', 'relevance_score': '0.681347', 'ticker_sentiment_score': '-0.053146', 'ticker_sentiment_label': 'Neutral'}, {'ticker': 'META', 'relevance_score': '0.26042', 'ticker_sentiment_score': '-0.183225', 'ticker_sentiment_label': 'Somewhat-Bearish'}, {'ticker': 'AAPL', 'relevance_score': '0.196877', 'ticker_sentiment_score': '0.08381', 'ticker_sentiment_label': 'Neutral'}, {'ticker': 'SNAP', 'relevance_score': '0.132004', 'ticker_sentiment_score': '-0.207738', 'ticker_sentiment_label': 'Somewhat-Bearish'}]",AAPL
Bitcoin aims for $25K as institutional demand increases and economic data soothes investor fears,https://cointelegraph.com/news/bitcoin-aims-for-25k-as-institutional-demand-increases-and-economic-data-soothes-investor-fears,2023-01-30 19:42:00,[],Strong corporate earnings and investors' anticipation of a Federal Reserve pivot are helping to cement the case for risk assets like Bitcoin.,https://s3.cointelegraph.com/uploads/2023-01/b2d50036-4c14-4946-92fa-5aeefc85b5a0.png,Cointelegraph,n/a,cointelegraph.com,"[{'topic': 'Energy & Transportation', 'relevance_score': '0.333333'}, {'topic': 'Technology', 'relevance_score': '0.333333'}, {'topic': 'Finance', 'relevance_score': '0.333333'}, {'topic': 'Blockchain', 'relevance_score': '0.576289'}, {'topic': 'Economy - Monetary', 'relevance_score': '0.451494'}, {'topic': 'Financial Markets', 'relevance_score': '0.938793'}, {'topic': 'Earnings', 'relevance_score': '0.682689'}]",0.075825,Neutral,"[{'ticker': 'EVR', 'relevance_score': '0.051886', 'ticker_sentiment_score': '0.047092', 'ticker_sentiment_label': 'Neutral'}, {'ticker': 'MSFT', 'relevance_score': '0.103554', 'ticker_sentiment_score': '0.202226', 'ticker_sentiment_label': 'Somewhat-Bullish'}, {'ticker': 'SHOP', 'relevance_score': '0.103554', 'ticker_sentiment_score': '0.246201', 'ticker_sentiment_label': 'Somewhat-Bullish'}, {'ticker': 'MELI', 'relevance_score': '0.103554', 'ticker_sentiment_score': '0.246201', 'ticker_sentiment_label': 'Somewhat-Bullish'}, {'ticker': 'AAPL', 'relevance_score': '0.103554', 'ticker_sentiment_score': '0.202226', 'ticker_sentiment_label': 'Somewhat-Bullish'}, {'ticker': 'PARA', 'relevance_score': '0.103554', 'ticker_sentiment_score': '0.246201', 'ticker_sentiment_label': 'Somewhat-Bullish'}, {'ticker': 'AWON', 'relevance_score': '0.051886', 'ticker_sentiment_score': '-0.031019', 'ticker_sentiment_label': 'Neutral'}, {'ticker': 'CCL', 'relevance_score': '0.103554', 'ticker_sentiment_score': '0.246201', 'ticker_sentiment_label': 'Somewhat-Bullish'}, {'ticker': 'FOREX:USD', 'relevance_score': '0.103554', 'ticker_sentiment_score': '0.053708', 'ticker_sentiment_label': 'Neutral'}, {'ticker': 'CRYPTO:BTC', 'relevance_score': '0.525907', 'ticker_sentiment_score': '-0.177734', 'ticker_sentiment_label': 'Somewhat-Bearish'}]",AAPL
